Outbreak,Outbreak Time,Outbreak Chicken,Outbreak Duck,Outbreak Time Chicken,Outbreak Time Duck,Peak Size Whole,Peak Time Whole,Peak Size Chicken,Peak Time Chicken,Peak Size Duck,Peak Time Duck,Final Size Chicken,Final Size Duck,End Time
True,4.402480997190343,True,False,4.402480997190343,,737.0,25.11900308631768,737.0,25.11900308631768,1.0,0.17559868415552918,2710.0,29.0,53.16399193858916
True,1.0350368841340272,True,True,1.1428658371710851,5.082757387358547,996.0,12.413434957514117,954.0,12.292867475248146,52.0,12.754934226954976,3189.0,30.0,40.18150762353895
True,2.8883667064156007,True,True,3.07554698260426,3.753153668522512,784.0,14.240757040171042,773.0,14.240757040171042,24.0,19.028192657560382,3136.0,29.0,66.65437135370294
True,0.9033986967067462,True,True,0.9098601201974327,3.1854687303765647,827.0,13.0117094887736,801.0,13.0117094887736,35.0,15.674027963224923,3140.0,29.0,38.93259933126779
True,5.4369282539194375,True,True,5.443178337681272,9.24710559154131,942.0,17.173895558535932,921.0,17.407793001307933,34.0,20.351051539547257,3138.0,30.0,44.99324739941879
True,2.1712265608906094,True,False,2.1712265608906094,,481.0,42.31255159942996,481.0,42.31255159942996,1.0,0.2653707305234725,2796.0,28.0,74.45357182604326
True,1.270612878526537,True,False,1.4009973965199152,,616.0,29.08764980031981,616.0,29.08764980031981,1.0,0.1105496476030646,2810.0,26.0,60.865155226965435
True,1.035197312033364,True,True,1.183765128020246,4.623462184528763,804.0,11.149439077072598,797.0,11.149439077072598,20.0,36.075008860663615,3128.0,30.0,67.00635293059672
True,2.312923913408055,True,True,2.4270637934274766,21.199539103029224,729.0,14.128242306674977,727.0,14.128242306674977,35.0,39.268004212940255,3190.0,30.0,64.11122227112487
True,1.640913436219072,True,True,1.6514041965986705,5.9056535478258505,787.0,16.143311453229597,765.0,16.143311453229597,28.0,17.341949216253727,3116.0,30.0,46.867765463483586
True,1.166898911917868,True,True,1.340049947767327,1.6753648188579118,909.0,10.619154590735235,884.0,10.69607518898552,36.0,16.82568444914951,3146.0,30.0,36.756662846442495
True,1.2935699054952166,True,True,1.4568027644886639,3.9525662356205347,987.0,12.72706727462177,982.0,12.72706727462177,22.0,25.15767914658266,3169.0,30.0,50.737715655583365
True,2.5463671197716913,True,True,2.6373073140436323,6.561910323763892,696.0,17.292815404934103,673.0,16.715309082764055,46.0,21.94323413211029,3193.0,30.0,49.322439060320335
True,3.2346901839939397,True,False,3.708367923607261,,439.0,39.23733723201255,439.0,39.23733723201255,3.0,3.6726666475264516,2848.0,29.0,63.138219920494144
True,1.6831988843114989,True,True,1.6831988843114989,9.446239105259,883.0,11.336189053787049,876.0,11.336189053787049,27.0,21.432368868840634,3114.0,30.0,61.67673024120471
True,8.622655631643813,True,False,8.622655631643813,,735.0,30.909175850786053,735.0,30.909175850786053,1.0,0.5910618425917388,2813.0,29.0,64.30661353948305
True,0.9586333220581733,True,False,1.4604403847421417,,402.0,65.63107003278938,402.0,65.63107003278938,1.0,0.4788377099972128,2769.0,29.0,98.50132221575329
True,0.711185000434177,True,True,0.7734191155959773,2.7737084047492866,905.0,11.345547145353567,877.0,11.345547145353567,33.0,12.373744541207056,3145.0,30.0,37.810803619563806
True,1.1056383578169235,True,True,1.2621702477669865,6.2521964532741485,896.0,14.23006251709113,877.0,14.704078234859555,27.0,20.74170480013188,3193.0,29.0,59.68078996139673
True,1.0930195767831088,True,True,1.2215170825118469,2.2004515135003717,874.0,11.21065588206406,854.0,11.21065588206406,26.0,9.398137913984453,3143.0,29.0,59.657591669481825
True,1.6351534874284976,True,False,1.6351534874284976,,741.0,26.64664465078871,741.0,26.64664465078871,1.0,0.6751114442816587,2687.0,28.0,51.30868138899527
True,0.7897018472756989,True,True,1.174730820961277,4.495449181708135,952.0,13.068972825022179,925.0,13.068972825022179,41.0,15.25731456492267,3175.0,30.0,40.97522306428661
True,2.930432298981887,True,True,3.012397382194838,4.703558246675541,854.0,11.183519236231316,831.0,11.183519236231316,34.0,15.39292290123186,3126.0,28.0,37.1711525343849
True,1.9421132869493247,True,True,1.9944366533574087,4.8552694663144,886.0,13.136453217254141,860.0,13.059075599219396,27.0,12.094118553828991,3174.0,30.0,49.85603971820048
True,2.0929918636971037,True,True,2.1401683510216123,3.1413457213740132,1120.0,10.315061191477676,1079.0,10.162682967576972,51.0,10.5036869487716,3203.0,30.0,33.35891955771248
True,1.434784686563574,True,True,1.564475406671957,2.6071015256963657,1013.0,10.770620486113488,977.0,10.806257932360941,39.0,11.364440249028664,3150.0,29.0,42.09853764908497
True,1.7527512948857193,True,True,1.7582111017675852,10.054561873371522,812.0,14.128842074474552,800.0,14.128842074474552,45.0,19.429824493783233,3185.0,30.0,41.03734074659839
False,,False,False,,,1.0,1.7530057428427461,1.0,2.1380842196490653,1.0,1.7530057428427461,3.0,0.0,4.337924739732514
True,0.8736962769564054,True,True,1.0723567487761856,7.083445823378078,866.0,14.34813352841188,850.0,14.34813352841188,41.0,21.51950849372819,3168.0,29.0,43.03812530601924
True,2.843679648957702,True,True,3.0393673275313358,6.1038242828073574,976.0,13.756363426133507,944.0,13.756363426133507,52.0,16.638242059388965,3153.0,28.0,44.2117082642633
True,9.32137295386638,True,False,9.32137295386638,,478.0,45.08595980660215,478.0,45.08595980660215,1.0,0.29725844366071885,2666.0,24.0,72.96321369158514
True,1.638049643036286,True,False,1.638049643036286,,442.0,30.489757047434267,442.0,30.489757047434267,1.0,0.004868760393974456,2708.0,25.0,66.53879165126243
True,1.8401174322259384,True,True,1.8582853091698444,4.065576602267138,1006.0,10.446133997708339,966.0,10.446133997708339,53.0,12.22158009781599,3179.0,30.0,35.78706401832075
True,1.634057669767084,True,True,1.8006960134253824,2.5142245227780764,910.0,10.483595551542544,897.0,10.483595551542544,25.0,13.620353291206898,3131.0,30.0,41.7970634582159
True,1.904989503717058,True,True,2.304896510099426,10.584911385510312,796.0,19.280991356660124,776.0,19.280991356660124,33.0,21.66202563428021,3153.0,30.0,43.30591394781133
True,0.9276065923801512,True,True,1.050051476749922,7.251107381144629,736.0,16.941347630311814,719.0,16.689044028622664,30.0,22.35153752705926,3091.0,30.0,42.647281915283024
True,0.9446484290714301,True,True,1.3251855566963964,4.5480793343413914,725.0,12.211099974645371,703.0,12.211099974645371,28.0,15.606306668641157,3130.0,30.0,53.61797084158092
True,1.5705386064115368,True,True,1.8564777115043427,5.21326054109414,839.0,13.765464033298823,828.0,14.032620745001044,18.0,11.39122628326204,3142.0,30.0,52.89993296210481
True,1.7913295464208419,True,True,2.054409628021375,6.26187965526338,996.0,13.253682731917033,969.0,13.253682731917033,35.0,16.975682466504765,3163.0,29.0,42.642103976770045
True,0.5764904524010321,True,True,0.6620883147706129,4.258665514599123,827.0,14.690611156712304,798.0,14.690611156712304,31.0,14.739214328673542,3138.0,30.0,45.696186962003836
True,1.0156058079978296,True,False,1.2042064019172019,,536.0,31.656574018075624,536.0,31.656574018075624,2.0,1.3663142825400163,2670.0,27.0,63.11245607960342
True,1.3830489106946386,True,True,1.4355618834187185,6.365051233216616,992.0,13.775312399381075,962.0,13.775312399381075,34.0,14.016134338235057,3133.0,30.0,37.432755817597936
True,1.3212768906330357,True,True,1.3301513989767182,6.86040908042802,923.0,12.070986728998887,907.0,12.070986728998887,44.0,18.48226253083568,3163.0,30.0,41.91455427437145
True,0.7906050120220327,True,True,0.8754347029211751,3.4226479719852585,834.0,11.728088576790924,796.0,11.680924250861512,48.0,15.532992275355342,3177.0,29.0,44.20259025886426
True,3.6566277583993423,True,True,3.9762603324430645,6.235127343207769,774.0,15.31834130522379,759.0,15.31834130522379,36.0,23.116969163725372,3140.0,30.0,42.50209313744359
True,2.6297812664979605,True,True,3.2409638753627994,10.54460869123873,881.0,16.809260343432673,849.0,17.082118846639283,47.0,19.18286431524557,3177.0,30.0,46.71865052086183
True,0.7151044767002707,True,True,0.8687078011270782,2.291746562405625,1121.0,8.947495899296838,1094.0,8.947495899296838,33.0,14.642413217874125,3164.0,30.0,38.16449537014235
True,0.9878269236446606,True,True,1.175143395137941,5.483063712085947,812.0,13.999675025831245,792.0,14.081453344508247,34.0,20.146521800105777,3178.0,30.0,39.6688769952218
True,3.2100258675601085,True,True,3.5180042480257288,4.501065946758477,1007.0,13.422814054657186,967.0,13.38663233096308,57.0,16.129798903303055,3203.0,29.0,40.2486116637608
True,1.7550314411448393,True,False,1.7550314411448393,,771.0,37.19430233919645,771.0,37.19430233919645,1.0,0.3343343007422168,2791.0,29.0,71.88131149670836
True,2.0817043514192966,True,True,2.27947262551556,5.374269520622325,1024.0,14.694987711666807,995.0,14.694987711666807,40.0,12.72613010795412,3157.0,30.0,45.11734960588162
True,0.7449292624132722,True,True,0.7491399689945016,11.176679592602214,755.0,13.628708187147293,753.0,13.628708187147293,52.0,26.087897190477168,3158.0,29.0,59.504734448158615
True,2.106861343778403,True,True,2.1921839420108333,2.8082475939571654,903.0,10.80784201773366,876.0,10.80784201773366,40.0,11.539678798948591,3167.0,30.0,41.03128932289166
True,0.6309247219626931,True,True,0.679014399202925,4.281528326074305,897.0,11.999477321006264,863.0,12.376912292486127,38.0,12.082042028617156,3191.0,30.0,49.15470718630078
True,2.090786176717702,True,True,2.420079538358006,5.12629175775173,860.0,15.776495069648355,837.0,15.462757625676756,43.0,18.936968446252703,3159.0,30.0,37.720511764603636
True,1.7754159480716536,True,True,1.9349615041337784,3.0054306778622317,837.0,13.284085105246408,808.0,13.284085105246408,33.0,15.804740796159267,3107.0,27.0,38.22710593724949
True,1.0151598904199293,True,False,1.0647886520529404,,762.0,13.125002540661482,762.0,13.125002540661482,2.0,0.7999396953737923,2673.0,26.0,69.8948208515651
True,1.1178186489022148,True,True,1.1510349136896352,3.0955808013438904,877.0,10.978436346717718,862.0,10.978436346717718,28.0,18.96668686287925,3151.0,30.0,51.068472920700074
True,0.7426916131811535,True,True,0.9136929247966012,2.7166893343035556,937.0,9.633997793791973,920.0,9.633997793791973,34.0,13.970013483120455,3172.0,30.0,39.35879493396362
True,0.8333989921729923,True,True,0.8485870714868361,4.3200584054034845,996.0,12.577789683524413,953.0,12.634434960122134,48.0,12.164847891865813,3194.0,30.0,50.586158126964925
True,4.7510185610949085,True,False,4.7510185610949085,,744.0,36.18192095585863,744.0,36.18192095585863,1.0,0.816336839266881,2792.0,29.0,68.2906329936816
True,3.4501774079305876,True,False,3.6862811248925964,,696.0,30.544189449868174,696.0,30.544189449868174,1.0,2.275349252286729,2839.0,29.0,60.15599341983567
True,2.8996961121317764,True,True,3.226791410143194,4.33798331586135,814.0,14.711551557959618,806.0,14.710642819767369,23.0,18.921049063820927,3143.0,30.0,46.37424534502776
True,1.5393961575686685,True,True,1.6083409002103155,8.03512142469961,832.0,14.49336249725068,811.0,14.48109748624067,28.0,18.928239124584113,3167.0,29.0,49.37911665232211
True,2.182128341018326,True,False,2.182128341018326,,573.0,24.052448036729288,573.0,24.052448036729288,1.0,0.9379473041759016,2767.0,28.0,50.40365246639326
True,0.6473464313911064,True,True,1.2980935860406029,6.131886479308851,875.0,13.801819853020975,856.0,13.928312360273882,50.0,18.605188836602366,3184.0,30.0,45.021240334013285
True,3.881264828603264,True,True,3.960440166262534,7.719638301923136,824.0,13.029524119657502,820.0,13.029524119657502,46.0,21.193220653804055,3162.0,29.0,42.54282118632449
True,0.779862830130055,True,True,1.0191783972993418,1.7793545001315003,872.0,11.674366477828885,860.0,11.674366477828885,27.0,19.339959329549156,3180.0,26.0,52.69685455883671
True,0.8082331262144461,True,True,0.8639330558112753,2.372738735079071,1018.0,10.06344165905266,984.0,10.06344165905266,44.0,8.893276780546275,3134.0,29.0,42.12398225991875
True,2.078159444251753,True,False,2.099312355485629,,650.0,14.687186212939245,650.0,14.687186212939245,1.0,0.6905106054257487,2741.0,28.0,42.94510259423157
True,1.6368208154729258,True,False,1.6550119274561912,,626.0,20.314539117753455,626.0,20.314539117753455,1.0,1.24864192616948,2828.0,30.0,46.9624404466293
True,1.257089075546077,True,True,1.6664025944637104,2.066176447527191,911.0,11.164369862937521,877.0,11.002510358799551,41.0,13.059442863839433,3186.0,30.0,37.16565113959309
True,3.6388279348695574,True,False,3.6388279348695574,,584.0,27.92775882409056,584.0,27.92775882409056,1.0,0.302773403501685,2649.0,30.0,61.66621729630065
False,,False,False,,,1.0,0.3198850493492008,0.0,0.0,1.0,0.3198850493492008,1.0,0.0,0.32106439947421334
True,1.5017753976952992,True,True,1.792439779923946,2.095049437470268,882.0,13.656507221865946,852.0,13.656507221865946,48.0,16.351973998361657,3203.0,30.0,44.641232842323525
True,0.9863536020448941,True,True,1.2486710405549613,2.0074992493085704,997.0,10.412499326759566,971.0,10.097331783774806,41.0,12.090432482613435,3192.0,30.0,39.05985507888589
True,1.3426175249029912,True,False,1.430815403800111,,638.0,19.585237136002746,638.0,19.585237136002746,1.0,0.6411341736380636,2698.0,28.0,61.23581814440379
True,2.774229057606206,True,True,2.9490079283429407,3.772869205210921,858.0,11.705263537112621,851.0,11.705263537112621,37.0,24.457880790591293,3199.0,29.0,45.02790697845167
True,1.0913388620090636,True,True,1.112079469296079,6.3631650769237815,898.0,13.794950396287634,864.0,13.794950396287634,42.0,15.778564360986199,3203.0,30.0,41.45680522096074
True,1.0581544820334003,True,False,1.0588394758319577,,794.0,18.01287378181664,794.0,18.01287378181664,2.0,0.86931381985621,2798.0,29.0,44.86719779225809
True,1.2264953666240788,True,True,1.402586423611933,2.890850490603653,837.0,9.392705175980051,817.0,9.392705175980051,27.0,14.152416575667669,3175.0,30.0,47.54193312651818
True,1.1912251817369797,True,True,1.2992365383628472,1.7320666689687763,968.0,9.591864081572353,945.0,9.591864081572353,27.0,8.900313851832493,3167.0,30.0,69.14206752378144
True,2.4905611649292245,True,True,2.5963560471282987,5.313603715547207,901.0,12.67793115606337,888.0,12.67793115606337,37.0,18.129193776952054,3157.0,30.0,42.705662897139845
True,1.4649930335475978,True,True,1.492740677028962,4.784420379818739,987.0,11.238345225827793,961.0,11.238345225827793,46.0,14.91522080724369,3210.0,30.0,51.13794466105561
True,2.5857181697854488,True,True,2.6003909597634567,6.405785815925096,778.0,12.83964601278213,771.0,12.83964601278213,30.0,21.788222094025876,3159.0,30.0,49.2954479575759
True,1.6771321762742488,True,True,1.7154427855282706,3.2756025740524115,627.0,12.83682134636949,621.0,12.83682134636949,22.0,39.01722715590549,3065.0,29.0,67.38424965120824
True,0.6566464392871723,True,True,0.9248847150717114,2.1982039537308617,794.0,14.780449669717107,774.0,14.968495423978585,30.0,19.34313766483084,3161.0,30.0,51.64937004837043
True,1.0826066271328951,True,True,1.15535901697155,1.9561616770437311,749.0,11.453476494884113,744.0,11.453476494884113,30.0,23.56090016362046,3100.0,30.0,46.10795850439069
True,2.4958587911897347,True,True,2.8989941310813614,5.522462464144588,841.0,16.1150370542948,810.0,16.23694040774602,44.0,20.611548604571123,3192.0,30.0,40.910191705939035
True,2.504644109822071,True,True,2.6422790287447424,4.783944924543001,940.0,12.761984673148051,925.0,13.097617009695012,20.0,12.679221754489813,3105.0,30.0,46.745710160893786
True,1.4998017840587583,True,False,1.5370861846010802,,563.0,15.677699167333834,563.0,15.677699167333834,1.0,0.6914347072387912,2602.0,27.0,45.983321669036414
True,2.226664997446221,True,True,2.4526035588297184,4.272407494940307,1010.0,11.499456478935564,976.0,11.499456478935564,45.0,12.301669104135252,3163.0,30.0,50.039600411993305
True,2.100543925712984,True,True,2.246864793290254,4.925963738768098,973.0,13.85610474933166,937.0,13.85610474933166,40.0,14.906505428953658,3192.0,29.0,45.749930491183946
True,2.1010123926122066,True,False,2.5196174418748036,,657.0,17.43447693998676,657.0,17.43447693998676,1.0,1.4174127550344109,2806.0,29.0,47.03280917161183
True,0.5938347069463425,True,False,0.7598762920467518,,566.0,13.158806966677817,566.0,13.158806966677817,1.0,0.1610081249642712,2543.0,22.0,47.53162697992242
True,3.2201753129748947,True,True,3.2389976389771062,5.7961793663719785,967.0,13.875898827190623,922.0,13.875898827190623,50.0,15.730002542256484,3208.0,29.0,39.700328834947186
True,1.4145806842836979,True,True,1.417740180169772,3.9138617392019293,820.0,13.187595824154467,811.0,13.187595824154467,27.0,24.902550653792417,3140.0,29.0,45.219922478749695
True,1.5010301616383233,True,True,1.5823485323976099,5.423565072236666,893.0,14.456797454370962,865.0,14.045153046114587,33.0,15.461837042047502,3123.0,29.0,45.52066718616697
True,1.9587144426997785,True,True,2.327093145337628,4.787701387782938,885.0,13.462990976299375,850.0,13.462990976299375,39.0,14.35816806887927,3149.0,30.0,40.991964828776474
True,0.7294961233814123,True,True,0.896662274299804,2.105224357063532,873.0,10.133213353261455,862.0,10.133213353261455,27.0,15.91625030497999,3081.0,29.0,35.63836258574596
True,1.5730034324035058,True,True,1.69405770498271,2.330383619465921,997.0,10.638681596236646,958.0,10.638681596236646,48.0,14.054782480678583,3222.0,30.0,36.45916640336364
True,1.085593736211088,True,True,1.1192727525497,3.897817309153003,894.0,13.551023360323446,873.0,13.551023360323446,35.0,16.761949894645184,3159.0,30.0,39.3602661176829
True,5.0331239355582325,True,True,5.216514593656027,6.795921727140655,961.0,15.419191079215725,944.0,15.419191079215725,30.0,21.691608138355452,3209.0,30.0,65.80265772511072
True,0.8632023130575226,True,True,0.8664674478643406,11.835124183228109,565.0,13.875856816084955,562.0,13.875856816084955,25.0,32.1121006939937,3036.0,28.0,53.6073557004007
True,2.085387117433034,True,False,2.1135090260967164,,645.0,24.097286957523323,645.0,24.097286957523323,1.0,1.1509694224850466,2777.0,26.0,55.811120781886096
True,1.6329547451895114,True,True,1.6605505427684748,2.821372720213276,980.0,11.536987494022679,946.0,11.476378690923871,41.0,13.834739891069212,3185.0,30.0,40.40584934134564
True,1.5506674762064827,True,True,1.5654037254503093,2.9779156803135396,912.0,12.893293893591206,875.0,12.893293893591206,39.0,12.684928276739308,3193.0,30.0,37.43879817409409
False,,False,False,,,1.0,3.480007354018852,0.0,0.0,1.0,3.480007354018852,1.0,0.0,3.490893440206115
True,1.488829145514068,True,True,1.8763070040627465,5.062443055019745,860.0,10.879356107159422,853.0,10.879356107159422,26.0,27.301425515691374,3160.0,29.0,56.15207402691187
True,3.3984878467235,True,False,3.3984878467235,,743.0,29.956365173495698,743.0,29.956365173495698,2.0,3.5580097028708693,2878.0,30.0,55.100907385885755
True,1.8564832327922463,True,True,2.3723203203393988,3.8973939372773945,1050.0,12.738175716017368,1004.0,12.738175716017368,50.0,13.437007970120526,3189.0,29.0,40.15025307370396
True,0.9234836361494722,True,True,1.238664212079968,1.7456381388187854,881.0,11.229280029213506,857.0,11.229280029213506,36.0,15.667716368717654,3139.0,30.0,43.51712857730462
True,2.687407045665904,True,True,2.8894064160988377,6.463762643595881,1041.0,12.644482086741604,1031.0,12.644482086741604,23.0,18.402660406794222,3097.0,30.0,41.34857001772605
True,1.0973420032377847,True,False,1.1474206339662831,,591.0,26.3423502692736,591.0,26.3423502692736,1.0,0.034040427246742985,2621.0,24.0,54.7070046193369
True,1.0339978589926548,True,True,1.3461272053100002,3.925460621148317,1025.0,11.3520620880024,1002.0,11.3520620880024,33.0,14.174069605848523,3177.0,30.0,50.35085322902475
True,1.285428857276321,True,True,1.3005794498852015,3.445167835476803,983.0,12.250007427265004,955.0,12.250007427265004,39.0,16.452060850308612,3176.0,30.0,38.30550808768407
True,3.006087851335799,True,True,3.146355936965533,4.917799048667384,885.0,14.262460380531547,866.0,14.167234181103563,24.0,21.058434695042713,3164.0,29.0,49.28170783047143
True,1.1127443104684107,True,True,1.130718870366483,9.100794770618084,868.0,12.86555851847058,854.0,12.86555851847058,39.0,16.508966177895395,3176.0,30.0,42.73770610307842
True,1.6616372937509207,True,True,1.851442574081175,9.008626112726184,906.0,14.969866251713109,885.0,14.969866251713109,27.0,16.67190504621997,3125.0,30.0,43.985117353906766
False,,False,False,,,1.0,0.08831675626274486,0.0,0.0,1.0,0.08831675626274486,1.0,0.0,0.1592672276688253
True,1.5394889772163425,True,True,1.6818886576153638,3.780175045868547,868.0,11.57162064215416,835.0,11.57162064215416,39.0,16.824459856773696,3170.0,29.0,40.984318114097825
True,2.156818641386596,True,True,2.222805998150972,5.0100700471574555,699.0,12.709837377464472,692.0,12.709837377464472,24.0,24.01636657296492,3134.0,30.0,47.82375783788377
True,1.042486162846526,True,True,1.3535719134977284,2.640610585413529,813.0,10.94318829761788,801.0,10.94318829761788,34.0,20.791167471947873,3161.0,29.0,47.28070135372146
True,2.5839895344894592,True,True,2.699439412513089,10.389626998053947,900.0,16.752236648206953,889.0,16.752236648206953,48.0,23.914271679529957,3182.0,28.0,43.42267892017382
True,1.8062530031155162,True,True,2.027322662946138,9.720990447514513,965.0,17.19659910052841,938.0,17.02805283301706,30.0,17.986469587868058,3159.0,29.0,49.14859782986689
True,0.8964252178212058,True,True,0.9790559511580321,2.6542466769819955,917.0,11.700638062389244,891.0,11.700638062389244,36.0,15.131427944162208,3148.0,29.0,40.059350597243
True,1.6774955361993467,True,True,1.7681169936074879,4.450141151685569,1057.0,12.0550616751634,1010.0,12.0550616751634,57.0,11.214468292473711,3176.0,30.0,39.85773931015072
True,2.7860879788017043,True,True,2.9316145199891044,5.672816099865582,844.0,12.459979685706596,816.0,12.448493594365146,41.0,15.389252183673655,3124.0,30.0,43.84467342993223
True,1.4561150930778723,True,True,1.461596352453182,5.2874659826854575,731.0,12.861815830719946,730.0,12.861815830719946,27.0,27.166730872788065,3111.0,30.0,52.016432552840854
True,0.7079671112690372,True,True,1.1206564963097636,6.480553217720858,786.0,12.90325391765496,772.0,12.888446715259212,40.0,19.79395528945431,3163.0,29.0,42.30434829702944
True,1.1054056340628893,True,True,1.5122595794086953,1.9572399447478852,910.0,11.924139617731361,886.0,11.924139617731361,33.0,14.913692357919485,3176.0,29.0,40.668577226268184
True,2.7654096963274526,True,True,2.8387108589583043,5.316693560450052,819.0,12.310616905050237,798.0,12.310616905050237,37.0,17.99172679062938,3180.0,30.0,42.65298761861345
True,1.146580024153429,True,True,1.146580024153429,5.396519563935471,799.0,14.673452944142205,792.0,14.689753808154821,11.0,13.741430313494009,2849.0,27.0,45.36644034119143
True,1.0647977455558975,True,True,1.097573223920509,7.219857690842309,871.0,11.110813109682624,854.0,11.110813109682624,42.0,18.550193571500383,3193.0,30.0,40.03107532741604
True,2.7049321208157986,True,True,2.790066022691979,5.329078953135316,815.0,15.658605779437414,781.0,15.515630507771357,37.0,18.807647098845283,3164.0,30.0,49.34214419996664
True,1.7528335759183782,True,True,1.8378493320908855,6.197316528536178,665.0,18.587828166772404,661.0,18.587828166772404,18.0,43.452795906244724,3152.0,29.0,74.79272741335403
True,1.3444908996051899,True,True,1.653120437782397,2.6569784796166576,942.0,10.359317267516696,928.0,10.359317267516696,29.0,16.848530712397103,3137.0,30.0,36.58151141849171
True,3.8186247209454507,True,True,3.8736158320174376,4.821502926294168,805.0,15.831514928140898,781.0,15.315598792417848,30.0,19.05350178980083,3092.0,30.0,45.978114387687114
True,2.079507914921727,True,False,2.098481151926295,,784.0,17.293088408637146,784.0,17.293088408637146,2.0,2.706099625718331,2784.0,28.0,40.27290088739894
True,1.5027977498400027,True,True,1.5027977498400027,12.956089418042902,769.0,19.89757433832617,763.0,19.51089872924415,29.0,36.50921440147228,3171.0,30.0,61.276475102155516
True,1.2135823176490483,True,False,1.2431450997005173,,581.0,26.796233494440273,581.0,26.796233494440273,2.0,2.5424143680899363,2717.0,27.0,49.59507127397823
False,,False,False,,,4.0,4.221627569500078,4.0,4.221627569500078,1.0,0.6481618958327765,12.0,0.0,15.353269604090631
True,10.523943940739908,True,False,10.523943940739908,,560.0,48.345675342183526,560.0,48.345675342183526,1.0,2.2751529437329343,2808.0,28.0,78.77128183292523
True,4.977027869477574,True,False,4.977027869477574,,492.0,31.048264193996545,492.0,31.048264193996545,1.0,0.7222121230243824,2792.0,29.0,61.91766160285828
True,1.8093477601141408,True,True,1.9143595510672262,5.63926908973731,1052.0,12.674585416679488,1016.0,12.59132249357529,43.0,17.134202296907244,3181.0,30.0,42.554705240382475
True,3.1946845163449256,True,True,3.386669526044988,4.663995308309721,842.0,13.502707991903812,824.0,13.373736174151144,37.0,23.27640856238621,3175.0,30.0,40.14334199452378
True,1.0132540932785008,True,False,1.4474847037212115,,504.0,13.910119731557021,504.0,13.910119731557021,4.0,5.233107621451243,2727.0,29.0,45.67989331523569
True,2.607950141082384,True,False,2.607950141082384,,820.0,24.587593592317965,820.0,24.587593592317965,1.0,1.5168771724828976,2764.0,28.0,61.25245593269071
True,1.4662445396120438,True,True,1.496022572951725,4.919277097697835,776.0,11.561195451096424,776.0,11.561195451096424,39.0,27.16010603933782,3186.0,30.0,55.35376593044769
True,5.943628149727371,True,False,5.943628149727371,,744.0,24.110397376170408,744.0,24.110397376170408,1.0,0.903062856492382,2831.0,28.0,47.32025758740502
True,0.8254704298694643,True,True,0.8904691733918181,5.454962101534058,809.0,11.86658500055388,766.0,11.86658500055388,47.0,14.33876840966803,3209.0,30.0,35.41652679909974
True,4.299244754484342,True,True,4.306942939203528,6.995298446294248,879.0,15.702502161059403,853.0,14.993646601622562,42.0,17.141172168307477,3179.0,29.0,48.154086043485336
True,2.26791465302346,True,True,2.3426226753084154,3.689078889706294,967.0,13.047375160511887,942.0,13.047375160511887,29.0,11.414810536917843,3134.0,30.0,47.08370762682975
True,1.342357049048338,True,True,1.411935817747476,5.710376210209466,924.0,13.258390608054977,898.0,13.258390608054977,37.0,15.536808663325417,3143.0,29.0,37.25272298286709
True,1.8181348538095679,True,True,1.8882577815527888,6.246047375987817,726.0,13.441706858050866,702.0,13.441706858050866,57.0,19.10305776862799,3204.0,29.0,46.55908333592633
True,1.010743876639571,True,True,1.0632509512180943,3.0495394298720258,884.0,9.596104244435137,860.0,9.629181464346118,34.0,15.475824802318247,3153.0,29.0,39.310289599075745
True,3.209592750566822,True,True,3.254585539142946,7.087890875809887,796.0,17.01459512396305,773.0,15.39717413068335,39.0,17.057040151158734,3155.0,30.0,52.212451237565304
True,2.7837432794682067,True,False,2.878453261845152,,671.0,15.788522341438025,671.0,15.788522341438025,3.0,2.7829758799624797,2777.0,28.0,50.887188111030866
True,1.5469112868361954,True,True,1.5962710874085582,2.7919777182017063,1014.0,10.784072848280628,983.0,10.784072848280628,34.0,10.70216236598536,3165.0,29.0,55.09134922640697
True,1.9127340074250796,True,True,2.199791642593842,5.053780723383,631.0,15.11528557391865,621.0,15.11528557391865,21.0,31.257644890224444,3124.0,29.0,51.436770951965705
True,3.9546865203867987,True,True,4.007102327043164,4.874124588859894,969.0,13.765673169940547,945.0,13.765673169940547,31.0,18.758390991169975,3168.0,29.0,36.41742202496362
True,1.428352074195447,True,True,1.4319252416014108,5.67998717554695,923.0,13.724532102139403,896.0,13.731180601881096,35.0,17.804536851437554,3157.0,29.0,49.56721932572449
True,3.9405699908231355,True,True,4.066471123392823,24.736123222473484,599.0,16.597928633400855,599.0,16.597928633400855,26.0,38.10248027129563,3100.0,30.0,58.209390998174825
True,1.6890838290000454,True,False,1.6890838290000454,,594.0,38.31227579058403,594.0,38.31227579058403,1.0,0.1871063449164473,2681.0,28.0,63.1856347550007
True,0.9056647350235891,True,True,1.4629580593738527,13.509712125062574,597.0,20.935035389979586,567.0,20.33699463809878,52.0,24.359287890657413,3180.0,30.0,57.01738020631055
True,2.840483660548878,True,True,2.8418527494171313,9.496554610191474,801.0,12.969047095349426,788.0,12.969047095349426,54.0,18.729639632156175,3202.0,29.0,44.021154310075495
True,2.0665212873800822,True,False,2.0665212873800822,,11.0,6.356107985179578,11.0,6.356107985179578,1.0,0.5659183464276392,85.0,0.0,66.76808550660803
True,2.3846965017679103,True,True,2.8352300410200906,8.029523409911787,713.0,15.185994157110043,700.0,15.185994157110043,37.0,23.390742064316537,3110.0,29.0,44.58373718795427
True,2.7444374073733364,True,True,2.7444374073733364,8.227421427956626,911.0,14.905574665593555,897.0,14.905574665593555,34.0,24.47981932149579,3170.0,30.0,43.097075666282
True,1.5320534907140255,True,True,1.700819337733176,6.114158671641018,994.0,12.391242629962258,970.0,12.391242629962258,47.0,17.754768886574997,3189.0,30.0,46.53065655970714
True,1.3481933873448209,True,True,1.374418590671547,7.729379084704112,801.0,15.144410634582833,785.0,14.384069924214161,28.0,16.731134015191014,3134.0,29.0,49.318045001355756
True,1.4296502827873132,True,True,1.503330878913405,2.7645398161334516,1070.0,11.173699349234354,1028.0,11.171096097723657,47.0,11.013625824997067,3185.0,30.0,40.484334427917325
True,0.8005746091823654,True,True,0.9249511844776117,12.33940794349815,642.0,15.105791542483235,627.0,15.105791542483235,37.0,20.27197321798761,3116.0,28.0,52.72940830859193
True,2.6511026184334097,True,True,2.836972893702734,8.695023565257362,932.0,15.799049345430001,905.0,15.799049345430001,42.0,21.05828561971447,3158.0,30.0,48.1196543557424
True,2.504741962571896,True,False,2.504741962571896,,642.0,27.16920262142247,642.0,27.16920262142247,1.0,0.05518734291575488,2795.0,29.0,66.51601790082695
False,,False,False,,,1.0,0.7392279967674996,0.0,0.0,1.0,0.7392279967674996,1.0,0.0,0.745783237730643
True,0.8860062453327797,True,False,1.1977336595166064,,476.0,22.88228409525254,476.0,22.88228409525254,1.0,0.09576903714351721,2563.0,26.0,63.461509925518854
True,2.9075892908931493,True,False,2.960446043445242,,742.0,23.162675050373505,742.0,23.162675050373505,1.0,1.8168775547786353,2790.0,27.0,51.033185962340006
True,2.0139610319217347,True,True,2.028159428034101,2.52289017527867,1049.0,11.578183010566672,1003.0,11.578183010566672,50.0,10.77232184509782,3186.0,30.0,47.260387188518976
True,1.0534363853336284,True,True,1.2542073741830069,8.368370986887397,702.0,18.930596114351083,680.0,18.57003513281913,24.0,20.48870229898818,3143.0,29.0,46.831687282414144
True,1.75065132346821,True,True,1.7553741051668266,3.921046522012654,731.0,16.316181482284797,703.0,15.195771641720164,41.0,19.153472902656155,3169.0,29.0,49.952365559673254
True,0.782030210702838,True,False,0.8050243820032125,,926.0,14.548438382238489,926.0,14.548438382238489,1.0,0.05199791571138433,2796.0,30.0,48.21375103268054
True,2.478313855137427,True,False,2.7067504408687517,,662.0,26.091918596798095,662.0,26.091918596798095,1.0,1.7931943475264747,2716.0,27.0,64.16212489732993
True,4.507964329281814,True,False,4.507964329281814,,707.0,23.684710970602577,707.0,23.684710970602577,1.0,2.3642014914421177,2628.0,24.0,50.551200874051474
True,0.5497166648027821,True,True,0.6819216082548101,3.4792998755568574,827.0,13.810218703142082,798.0,13.508606100955863,31.0,21.559904917116686,3145.0,30.0,41.21808329224656
True,1.783217307276316,True,True,1.9393436017251566,3.6284358262521277,1047.0,12.860657137468602,1008.0,12.860657137468602,53.0,14.710158191013933,3204.0,30.0,34.680567546397846
True,1.2308893935045375,True,False,1.257665586153837,,747.0,14.858198930085628,747.0,14.858198930085628,3.0,2.4629629606252403,2820.0,28.0,51.60283856304056
True,1.5930063718376304,True,True,1.9900225244103538,2.5059771407061304,830.0,11.660555821526309,823.0,11.660555821526309,34.0,26.03199831936457,3160.0,30.0,51.46879621670216
True,1.2890125190841335,True,True,1.3070627337564504,12.61056857732033,646.0,16.256053722688403,636.0,16.256053722688403,34.0,19.229569097591067,3113.0,30.0,46.53148751582981
True,1.4657449554431405,True,True,1.5566808984135383,2.8957576561302187,1012.0,11.009768934151813,996.0,11.009768934151813,34.0,13.858120988823364,3166.0,30.0,50.873851801627254
True,2.67656811264341,True,False,2.67656811264341,,593.0,35.763317551331895,593.0,35.763317551331895,1.0,1.175492514235887,2666.0,25.0,69.65149164987346
True,2.3923866231591155,True,False,2.3923866231591155,,686.0,35.63492863715035,686.0,35.63492863715035,1.0,1.7971361937173609,2825.0,29.0,64.32594710274842
True,1.1381847408434411,True,True,1.318590211249216,5.685020939913967,947.0,12.190220670908817,912.0,12.211589595520932,40.0,14.90139412631691,3161.0,29.0,36.961963867974866
True,1.1756840815265797,True,True,1.3667008593259309,3.7678786724092403,728.0,15.141679721889714,716.0,15.141679721889714,41.0,24.20815765317167,3173.0,30.0,45.38286502798852
True,1.9040958059448274,True,True,2.0844192290335424,4.68113616024379,795.0,14.235894771246603,760.0,13.41392234667624,51.0,16.689293400495224,3171.0,27.0,41.39124122138439
True,2.3390476750057028,True,True,2.4365182935433918,4.547132744649759,845.0,12.27312585217733,831.0,12.27312585217733,36.0,18.308424026541157,3165.0,30.0,42.56545087980007
True,0.9584025555592003,True,True,1.0814245773007427,5.945356854785885,899.0,15.582476809084921,853.0,15.150136687838542,48.0,15.563135307479579,3162.0,29.0,41.76532798476278
True,0.8124594802875978,True,True,0.8546072161613024,6.022495111204169,745.0,13.227974361604673,734.0,13.227974361604673,29.0,20.48297913404567,3113.0,30.0,37.9607590432402
True,3.4332861549687914,True,True,3.4332861549687914,9.605435080300511,827.0,19.513080576935987,815.0,19.513080576935987,28.0,23.835333801937306,3087.0,30.0,52.09276956364685
True,1.5265201015848828,True,True,1.6615345115786613,3.464429657563395,758.0,10.612269909204192,737.0,10.612269909204192,28.0,14.140034906575535,3153.0,28.0,52.32555491358662
True,1.7605101532828307,True,False,1.797168509354113,,641.0,14.583220686393865,641.0,14.583220686393865,4.0,2.9072231659988974,2681.0,28.0,43.68659860943959
True,1.6284607501133508,True,True,1.7112277838893024,5.729596567756167,749.0,13.213650362561582,741.0,12.845091986216257,41.0,24.31698537130098,3156.0,28.0,44.50519460656757
True,0.7506244914970481,True,True,1.1727741712899564,3.1025435031028294,977.0,11.401271933263052,959.0,11.360300710755121,35.0,8.16388890202729,3174.0,29.0,38.411771010863866
True,2.351174613831726,True,False,2.3762762635073047,,620.0,12.84246730675355,620.0,12.84246730675355,2.0,3.9216177688131526,2655.0,27.0,53.815626053027685
True,2.959145252235105,True,True,3.0386838582429077,4.188783798922951,970.0,11.078099660042179,938.0,11.078099660042179,44.0,14.94614259493501,3175.0,29.0,44.09399111578137
True,2.955818973490227,True,False,2.955818973490227,,550.0,24.72441564032951,550.0,24.72441564032951,1.0,0.2165581721754873,2742.0,27.0,54.66163558182058
True,0.604706232836998,True,True,0.8437193519510187,5.208721357835413,731.0,13.035401004958187,716.0,11.599051490849245,42.0,17.05584189749106,3170.0,28.0,43.72015663028088
True,1.9211788132731937,True,False,2.1020262311211453,,686.0,23.770838744963367,686.0,23.770838744963367,1.0,1.0339766124458907,2751.0,28.0,53.378859759372574
True,3.395874435655799,True,False,3.395874435655799,,718.0,33.31973218221646,718.0,33.31973218221646,1.0,2.2850689026264166,2803.0,27.0,73.88366342976784
True,1.7087115884305586,True,True,1.710721307966618,6.057969568961063,689.0,13.00687086556239,676.0,13.00687086556239,30.0,24.064919779566807,3186.0,30.0,50.414689260920554
True,1.943745221095838,True,False,1.943745221095838,,439.0,45.0971341834866,439.0,45.0971341834866,1.0,0.045205932393260796,2575.0,24.0,79.38817858757604
True,1.213303977317068,True,True,1.2634659069787273,4.664238750249759,921.0,13.224397031235508,907.0,13.224397031235508,29.0,22.05518601239561,3175.0,30.0,47.24191593533815
True,1.4213877357919116,True,True,1.4230009763760985,3.3873248379554792,904.0,11.49052276765206,888.0,11.49052276765206,33.0,18.927227611627533,3161.0,29.0,38.64005403817988
True,0.6206918048487846,True,True,0.7755952242157842,1.3433216401120258,915.0,9.499433876919284,897.0,9.499433876919284,22.0,16.009522607826682,3128.0,29.0,41.1784138693475
True,5.1327651600338555,True,False,5.1327651600338555,,710.0,31.461873303747833,710.0,31.461873303747833,1.0,0.7421575705021121,2802.0,28.0,60.532103105579246
True,1.0648424700497388,True,True,1.185410817127698,3.1906647413888627,945.0,10.866878621998916,920.0,10.871620647762787,41.0,12.413970276264884,3119.0,30.0,49.80911308613243
True,1.2126434686526721,True,False,1.2390261439806969,,656.0,22.955921740145648,656.0,22.955921740145648,3.0,14.584122894342881,2822.0,28.0,54.743620532471844
False,,False,False,,,1.0,0.48708948450738376,0.0,0.0,1.0,0.48708948450738376,1.0,0.0,0.5449787885315727
True,0.8812236966285092,True,True,0.8832334693527104,3.360179970373095,945.0,11.67022713326978,911.0,11.67022713326978,37.0,11.015388323504213,3145.0,28.0,49.640052511181125
True,1.9180323184069146,True,True,2.1863382926730273,4.478118610828695,915.0,11.505583779021267,887.0,11.505583779021267,41.0,15.151515994283509,3156.0,30.0,41.0550569210579
True,1.6194287169977577,True,True,1.6678403808652333,3.138835095879762,1012.0,11.160597430830205,976.0,11.160597430830205,40.0,10.529777366069183,3181.0,30.0,38.333214574609435
True,1.9650089032334581,True,True,2.0964642563545786,2.539656359636385,928.0,10.656547719247,899.0,10.656547719247,47.0,12.436736789687922,3164.0,30.0,44.635434130896
False,,False,False,,,1.0,0.3600822408319177,1.0,0.8514975452908686,1.0,0.3600822408319177,3.0,0.0,5.08972896477523
True,0.8132617987635128,True,True,0.8930663402802635,3.6629429819325554,975.0,10.802118551915918,958.0,10.800337763314719,40.0,18.21677068812313,3187.0,30.0,40.5878465150665
True,10.73059648245238,True,False,10.73059648245238,,478.0,44.18720882447294,478.0,44.18720882447294,1.0,3.982776682519167,2668.0,26.0,83.14897504065114
True,2.220279449395241,True,False,2.220279449395241,,547.0,36.755730695755325,547.0,36.755730695755325,1.0,0.31546696496763194,2808.0,30.0,74.22312890268294
True,1.2891539502190963,True,True,1.6948898917781274,4.51482157684092,1052.0,12.659906817526897,1019.0,12.659906817526897,42.0,13.77321459075678,3189.0,30.0,38.68486970239559
True,1.7715287261850312,True,True,1.8725239850823117,4.438727423989967,948.0,13.86744882290914,919.0,13.896189660171284,42.0,17.309025858044382,3189.0,30.0,52.66957347028428
True,0.8034515735565959,True,True,0.9691214097866399,3.5053004216353076,854.0,12.562462323044526,822.0,12.637771174855787,34.0,11.560656012869448,3168.0,30.0,47.08175352370763
True,0.716469358498369,True,True,0.7392047336877444,4.552886279135663,905.0,9.960121162573103,899.0,9.960121162573103,21.0,12.615745773394886,3163.0,30.0,43.19289628345777
True,0.4626563014541209,True,False,0.5170397457472536,,777.0,13.163873891740868,777.0,13.163873891740868,4.0,3.004407816862045,2816.0,28.0,42.138675167344616
True,2.0223882737967362,True,False,2.0223882737967362,,646.0,31.422734018890182,646.0,31.422734018890182,1.0,0.340223683176392,2725.0,27.0,65.45647273375016
True,0.8470586848565341,True,True,0.870375460483191,2.9890635712258082,829.0,11.786666867074056,818.0,11.786666867074056,33.0,18.50420751258457,3184.0,29.0,55.46686358706613
True,2.3037488682865983,True,False,2.4829494079021317,,412.0,20.39558396573323,412.0,20.39558396573323,3.0,2.852130439609229,2576.0,20.0,54.415854659924264
True,3.005533571254226,True,True,3.290704442464625,4.666621865135249,981.0,12.448218770432915,950.0,12.308167134174408,37.0,13.322549232267622,3173.0,30.0,41.064925845320495
True,4.265685498842081,True,True,4.277037326870126,5.694560384967443,740.0,16.490632490413603,725.0,16.01070736597281,30.0,25.443581875763556,3146.0,30.0,56.87122900262918
True,1.1007723436709214,True,True,1.1014427076311988,4.017169213919988,929.0,11.20838748446551,876.0,11.20838748446551,54.0,12.153774007189902,3157.0,30.0,38.56799942433434
True,1.06224057137531,True,False,1.06224057137531,,868.0,11.966163277235397,868.0,11.966163277235397,1.0,0.2148324767571695,2834.0,30.0,39.50251306057538
True,2.4027100987361396,True,True,2.4801892188226367,6.719019983166035,1015.0,15.086414990247347,977.0,15.938471595931698,43.0,15.093759059551168,3156.0,30.0,46.293577048398824
True,3.687464279739155,True,True,3.961108466808469,7.004887687480148,841.0,14.584222651415423,824.0,14.584222651415423,37.0,19.450914495852395,3154.0,29.0,47.53819617521803
True,1.0180837540079901,True,True,1.0479962774101936,2.5879569541894916,1029.0,10.032046995646944,999.0,10.1033005303482,39.0,12.035287754568664,3167.0,30.0,43.36709933602249
True,1.2143336594028737,True,True,1.5773993457251119,3.023255483117178,1022.0,10.600943828882812,988.0,10.600943828882812,42.0,11.55638433049147,3153.0,30.0,42.48593643438811
True,1.5396280676536747,True,True,1.7306886386911475,4.3769845538253564,802.0,11.659954605680353,780.0,11.866425593021106,30.0,14.555072933309912,3119.0,30.0,48.311082668567785
True,1.3339988455367515,True,True,1.3339988455367515,6.386824295821911,783.0,14.423593909908694,766.0,14.423593909908694,36.0,20.49073562180685,3144.0,30.0,40.26403485945056
True,0.9663041903160834,True,True,1.1016599364591102,1.909135126404209,989.0,10.268276092390764,975.0,10.309392023322575,34.0,13.423686308658715,3168.0,30.0,39.25170694688411
True,1.2152228542344634,True,True,1.277460427350106,2.8805154788955742,799.0,14.332918221454378,777.0,14.502473234315168,39.0,18.270836670100397,3207.0,29.0,61.95340103877139
True,1.2876364374975484,True,True,1.5053510105523997,5.286336935446498,787.0,12.381534300674607,774.0,12.453281518159478,63.0,18.24050041756785,3200.0,27.0,42.34657733028585
True,2.0046638783304296,True,True,2.050366719734894,3.704951749193172,1005.0,11.476555421766282,979.0,11.546671860994024,30.0,10.789618911397511,3152.0,30.0,52.22391677841285
True,0.8921531838168502,True,False,0.9477071563930997,,742.0,12.783242510240331,742.0,12.783242510240331,2.0,2.0866871735110246,2727.0,28.0,38.853709082158204
True,1.804407552940797,True,True,2.0136232969851653,2.651278566466976,932.0,11.311287033656708,914.0,11.311287033656708,39.0,15.31033870944049,3149.0,30.0,36.73647904878798
True,2.0495042722571584,True,True,2.052630137316384,3.9571508318101056,934.0,11.67133045002768,909.0,11.67133045002768,40.0,15.516934836770233,3160.0,27.0,44.41984347523796
True,0.8787075834170339,True,True,1.3990853167060409,8.285362601639578,790.0,14.975581839163425,782.0,14.975581839163425,9.0,16.009090502826453,2912.0,29.0,47.32368261203837
True,2.0832635483327646,True,False,2.0832635483327646,,718.0,21.884122286313076,718.0,21.884122286313076,1.0,0.4818936068729729,2856.0,28.0,59.08822749717659
True,2.637904108281711,True,True,2.7368709489027787,3.603734681470142,980.0,12.535606562319227,963.0,12.535606562319227,36.0,17.13199184478535,3186.0,30.0,40.29739941396565
True,5.140093550085346,True,True,5.1680390997283565,6.894406189783641,888.0,15.026253182516701,860.0,15.026253182516701,35.0,16.063695739473058,3196.0,28.0,39.58190064966803
True,0.8193473257176399,True,True,1.1641645366450981,2.250395892079427,1005.0,10.220414562326972,981.0,10.220414562326972,27.0,5.820231957037576,3121.0,30.0,42.4810295349116
True,1.7135365532387166,True,True,1.8274662730257734,2.5127697775805014,901.0,12.491322975029012,886.0,12.491322975029012,26.0,18.67966735210428,3147.0,30.0,47.26750250818599
True,1.7751330093369861,True,False,1.7751330093369861,,7.0,4.093497225799652,7.0,4.093497225799652,1.0,0.08090704406673402,26.0,0.0,20.756891628098714
True,1.6725813411996349,True,True,1.822128611198984,9.722804219582814,777.0,13.508731150397784,768.0,13.508731150397784,37.0,20.118301490488,3160.0,30.0,43.79991079022458
True,4.676028236171832,True,True,4.724027686624011,5.053696258128113,679.0,19.86791711481954,664.0,19.86791711481954,18.0,20.981000250291252,3023.0,26.0,54.67016451941705
True,1.4779754513052719,True,True,1.617485583522233,4.195348515088986,827.0,12.980190080230592,792.0,12.980190080230592,40.0,16.48661948066342,3175.0,30.0,41.16918920787882
False,,False,False,,,2.0,4.29811373504264,2.0,4.29811373504264,1.0,0.9336077263191991,4.0,0.0,7.4328162663131545
True,1.5536149972423405,True,True,1.7759654315675901,4.710673099249732,917.0,12.664561627229066,904.0,12.664561627229066,43.0,19.969240514527645,3184.0,30.0,44.69386412817593
True,1.8181591590395096,True,True,2.1691157201310522,2.8044978650292816,1090.0,11.135043009967715,1043.0,11.135043009967715,48.0,11.159326786279657,3198.0,30.0,45.692847237804436
True,2.3903048836929166,True,False,2.535873491703192,,808.0,25.84177556195763,808.0,25.84177556195763,1.0,1.900275186479396,2788.0,28.0,54.5021173531714
True,0.8509907096316579,True,True,0.948887741367848,4.630970654629642,870.0,13.984253231024082,844.0,13.820619604438935,42.0,16.73483181397466,3121.0,29.0,42.27356521888864
True,1.336244214378133,True,True,1.7288786339664366,3.0275955355786834,921.0,13.014834703963688,878.0,12.460800697887116,46.0,13.568244686874534,3165.0,29.0,39.76931022277437
True,0.6399377164413581,True,True,0.8686163838445121,4.565095291925146,960.0,12.433596602987707,941.0,12.287623060992587,34.0,18.756381167129934,3179.0,30.0,45.63536658157076
True,4.778268916058741,True,True,4.79502118726977,7.123270557795271,800.0,16.58361745895286,772.0,16.58361745895286,33.0,21.232063848009485,3162.0,28.0,58.06269570163448
True,1.5501099779302487,True,False,1.8287389489831358,,760.0,16.845802024338195,760.0,16.845802024338195,3.0,5.767801976358168,2790.0,28.0,59.11387934574771
True,3.242962092935358,True,True,3.8277350625318123,4.200814446749368,947.0,12.660748930912897,916.0,11.545001661490284,49.0,14.91771673968015,3177.0,30.0,41.84607197143457
True,1.850699477422316,True,False,1.850699477422316,,850.0,12.27302221559522,850.0,12.27302221559522,1.0,0.15947263871043332,2832.0,29.0,42.10707017444673
True,2.3943447225873493,True,True,2.8708362322241165,4.812516506476404,734.0,15.353044642440874,716.0,15.15475606667562,27.0,18.549323295538205,3152.0,30.0,56.89802827893588
True,3.4865251933241908,True,True,3.5154529853235115,7.229662066461218,942.0,16.011112505981163,917.0,16.011112505981163,33.0,18.624009880975027,3156.0,30.0,42.56680149313987
True,2.0803007235608475,True,True,2.112808646905612,6.041964118347928,958.0,13.434550347333348,924.0,13.434550347333348,38.0,13.854082203413919,3161.0,30.0,39.787320021110816
True,3.205879143874885,True,True,3.489124588280491,11.558992967086244,729.0,18.026450464886707,712.0,18.026450464886707,36.0,21.44632667083904,3168.0,30.0,55.45843520481179
True,1.1175178659722493,True,True,1.1777288814259836,2.333920655647926,776.0,12.78446180189582,734.0,12.78446180189582,44.0,14.48488967906947,3165.0,30.0,33.40036398075154
True,1.3317102174875024,True,True,1.7194995510490163,3.776575320714342,846.0,11.984579023504025,831.0,11.919490521850554,18.0,12.16758237262772,3133.0,30.0,51.281352230462254
True,3.0717696709080955,True,True,3.3386129987747317,5.503794992181494,677.0,17.318284455393965,668.0,16.94644622121145,23.0,22.919669167656703,3118.0,29.0,50.358641575642984
True,1.5162902437275363,True,True,1.7234059776170512,4.87447871213271,878.0,13.91574098512351,845.0,13.91574098512351,38.0,15.223764425161974,3121.0,29.0,39.10934286163696
True,3.47507135415903,True,False,3.607773467882328,,700.0,31.44125981391243,700.0,31.44125981391243,2.0,3.4402140642291124,2727.0,29.0,71.58429229083508
True,2.5435095875871583,True,False,2.557188416440048,,729.0,25.847118934403124,729.0,25.847118934403124,2.0,2.649171704495359,2781.0,27.0,67.66593288418854
True,3.7933343106017055,True,True,4.032483677085075,7.567528213569432,901.0,14.992347007751928,870.0,14.992347007751928,45.0,16.487031292117436,3194.0,30.0,42.59595955855746
True,2.2390057554779093,True,False,2.371551036615407,,657.0,16.772192498477573,657.0,16.772192498477573,4.0,4.35861687870784,2779.0,30.0,45.8510141412332
True,1.0438965369589825,True,False,1.175048310166115,,693.0,12.827226016607918,693.0,12.827226016607918,1.0,0.17763856115901042,2753.0,26.0,37.35168112676637
True,3.174157788198951,True,False,3.174157788198951,,669.0,29.438418704524693,669.0,29.438418704524693,1.0,1.2723461382601935,2865.0,29.0,75.69202120908555
True,0.7062713606569687,True,True,0.8972221188491115,4.60369205813424,947.0,13.184935478195753,925.0,13.184935478195753,24.0,13.976805033348118,3135.0,30.0,43.601405656636416
True,1.3489382135979344,True,False,1.361052540164231,,529.0,20.481807746523558,529.0,20.481807746523558,2.0,1.4190944699322872,2711.0,28.0,60.34517177406984
True,1.107225452824592,True,True,1.5838279149213954,2.474583913475642,1064.0,10.659505827725678,1032.0,10.659505827725678,44.0,11.636297971258303,3168.0,30.0,36.63211990643828
True,2.3599361716584997,True,True,2.5652671973673153,6.841893317213675,952.0,15.993555622350977,923.0,15.993555622350977,31.0,14.3335056702652,3155.0,30.0,41.92779866373925
True,1.509598481040434,True,True,1.5283829486794567,4.271335681324068,859.0,11.58592296275774,830.0,11.58592296275774,36.0,15.068609363518762,3156.0,30.0,41.813690134441934
True,1.0770034540668503,True,False,1.233333801421539,,639.0,17.337457925760656,639.0,17.337457925760656,3.0,4.555407315708597,2767.0,27.0,48.444396028627224
True,0.732972128300359,True,True,0.8582571732870719,4.305350192871404,894.0,13.39780881874285,866.0,13.39780881874285,33.0,13.919943280842196,3138.0,29.0,46.51205512571769
True,4.559016999165867,True,True,4.595111925171112,5.235749468935373,927.0,15.23254431076937,883.0,14.395315028100518,49.0,15.136071612413526,3169.0,27.0,39.854422938609716
True,1.6651326367226902,True,True,1.7552819642913497,6.005894012596082,942.0,10.949741813815548,917.0,10.949741813815548,38.0,13.688904745052099,3172.0,30.0,47.149033307149324
True,1.7148518118150902,True,True,1.7923866625610914,5.410353205274832,857.0,13.794703082627485,840.0,13.794703082627485,22.0,10.071689596327602,3123.0,30.0,44.02874184742426
True,3.4173804377713357,True,False,3.4380705246183663,,658.0,17.543251890769106,658.0,17.543251890769106,2.0,3.6825228758817032,2777.0,28.0,48.585306528836156
False,,False,False,,,3.0,1.6602940400327895,3.0,1.6602940400327895,1.0,0.3901946241398754,5.0,0.0,3.3750057390753403
True,0.862792136259732,True,True,1.225278281887329,11.750222940822804,754.0,17.522425543221207,725.0,17.522425543221207,41.0,19.43652072550001,3126.0,30.0,55.13407061376088
True,1.3018151560496387,True,True,1.3018151560496387,4.154056382843232,937.0,13.41376343265333,904.0,13.41376343265333,38.0,16.067208235485843,3192.0,30.0,39.21762359636302
True,4.428668301260984,True,False,4.430295126224439,,686.0,21.593218102245782,686.0,21.593218102245782,1.0,3.6803281768804634,2783.0,27.0,62.28921791392048
True,1.553919329446964,True,True,1.5667389762305606,7.012889023132405,885.0,12.352172694104997,873.0,12.352172694104997,19.0,15.00810797415894,3056.0,30.0,43.09278778412442
False,,False,False,,,1.0,0.3034729673605865,0.0,0.0,1.0,0.3034729673605865,1.0,0.0,0.3337035383349476
True,0.8773588812876579,True,False,1.042991894458739,,771.0,10.778094083010735,771.0,10.778094083010735,2.0,1.619560625005556,2758.0,28.0,44.63824670138428
True,4.619284401151407,True,True,4.619284401151407,16.35896374364442,709.0,17.463520636983688,706.0,17.463520636983688,27.0,30.183141423737137,3161.0,30.0,52.73741025985611
True,3.7528709368529176,True,True,3.817059126772639,7.686299009841842,806.0,18.107837636552553,788.0,18.107837636552553,30.0,24.21704143358371,3167.0,29.0,45.49189473717645
True,10.261890748136,True,False,10.261890748136,,527.0,37.22985742351696,527.0,37.22985742351696,1.0,1.9808175694084107,2666.0,26.0,79.28269909077159
True,2.063418335665793,True,True,2.115605464553637,3.6628967286271266,763.0,14.39114636896151,738.0,14.633147993694212,38.0,17.375253380517766,3147.0,30.0,39.68950197126155
True,1.8994627624856424,True,True,2.0142792921299817,4.233954466678601,1066.0,11.727738246072635,1039.0,11.727738246072635,42.0,15.200172889811677,3174.0,29.0,39.28258422058851
True,2.071622095661166,True,False,2.190865126112156,,789.0,15.332007025729315,789.0,15.332007025729315,2.0,2.4978490158423248,2883.0,28.0,47.62313358363527
True,1.3904539781771212,True,True,1.3932459957128498,4.830702034009252,848.0,12.863896968672071,811.0,12.861050842043902,49.0,15.584766406075387,3202.0,30.0,39.59471949279965
True,0.8864260814430256,True,True,1.0595925405291142,4.016490359791959,854.0,15.030691221777131,832.0,15.030691221777131,38.0,20.009275726628687,3166.0,30.0,46.00123072651988
True,6.315236757247056,True,False,6.315236757247056,,515.0,44.14395371515718,515.0,44.14395371515718,1.0,0.13471589688675858,2649.0,22.0,82.8383273677663
True,1.1017150280952452,True,True,1.4443719387214269,5.00269975167744,873.0,14.004842337455113,860.0,14.004842337455113,28.0,23.15250617136065,3145.0,30.0,50.732473021213025
True,2.8204671766172034,True,True,2.8945830909104333,3.78033578442461,836.0,12.71576008365826,809.0,12.71576008365826,29.0,12.0964658303138,3134.0,29.0,38.10448102627666
True,1.3037921995393091,True,True,1.40994802282275,6.883261361072373,739.0,15.666778731383356,728.0,15.662041298072072,28.0,23.764267103273934,3167.0,30.0,60.81176872150464
False,,False,False,,,1.0,0.29122893322640325,1.0,1.0522293130660219,1.0,0.29122893322640325,3.0,0.0,2.5081853181735525
True,1.7519282762577422,True,True,1.8987526724040011,6.367664957069362,862.0,16.44455534131872,822.0,16.44455534131872,42.0,20.839552658772032,3186.0,29.0,47.07533782094386
True,3.5056774202993135,True,False,3.5056774202993135,,726.0,25.163096470019926,726.0,25.163096470019926,1.0,2.384637227757169,2759.0,29.0,60.84057892347159
True,1.3859610231548387,True,True,1.41405105380401,3.38679568521814,981.0,12.852903461728488,932.0,12.852903461728488,56.0,15.920239010472567,3184.0,30.0,42.17111688449325
True,1.9988684655005828,True,False,2.154102143252457,,650.0,16.02491520307965,650.0,16.02491520307965,1.0,1.647960007658829,2697.0,25.0,47.772224228973556
True,1.8685917294552858,True,False,2.0772757737273078,,522.0,26.690295351786972,522.0,26.690295351786972,1.0,1.1675868994727834,2700.0,27.0,61.10634884431352
True,2.276925231058462,True,False,2.276925231058462,,657.0,20.885517197489484,657.0,20.885517197489484,1.0,0.5142750552505555,2791.0,29.0,52.471108282716216
True,4.713821365673742,True,True,4.910649667534467,7.802528800115208,816.0,17.29387736132869,790.0,17.146439618731243,36.0,24.669877104824206,3189.0,29.0,50.43486117414429
True,1.13745871717616,True,False,1.331961196156892,,802.0,12.74950816151135,802.0,12.74950816151135,2.0,1.0928013579516807,2899.0,30.0,39.767880232524405
True,0.9779771051602199,True,True,1.1106341492859364,2.774192771680671,972.0,11.90942519752444,940.0,11.90942519752444,33.0,11.533055613569141,3141.0,30.0,44.127238847362975
True,1.0049398698344107,True,True,1.0475352334393424,2.979064605563543,1016.0,10.016992876096468,997.0,10.016992876096468,32.0,11.661062264430102,3165.0,30.0,51.35350714635713
True,1.0670595965946599,True,True,1.0806612649359992,3.950467142172788,844.0,12.484491632051954,825.0,12.484491632051954,34.0,18.015357761627097,3123.0,29.0,41.72264595855681
True,1.2105504892269683,True,True,1.4020085104973667,4.1356471818513105,885.0,11.962665750927432,851.0,11.962665750927432,52.0,16.33749840498909,3201.0,29.0,40.077261485661616
True,1.5838827367111297,True,True,1.7652850270062481,3.224802216502503,872.0,13.613218746889709,840.0,13.615517493334591,40.0,12.303064465934863,3182.0,29.0,45.23674561347695
True,2.501160815228359,True,True,2.616417486726221,4.069594658024369,931.0,13.257561133640532,904.0,13.257561133640532,29.0,13.159280788739771,3134.0,30.0,46.753402572771506
True,0.9210275762986534,True,True,0.9992517786677203,2.3361167314086444,879.0,12.298339657878607,853.0,12.298339657878607,33.0,12.668234262323407,3155.0,29.0,42.94233152006045
True,1.422104349001734,True,True,1.4608461837339952,9.120008697497113,730.0,14.113909177078108,722.0,14.101428399501028,31.0,20.504189108467433,3161.0,30.0,46.139148699642796
True,0.98245021583755,True,False,1.4815158250044718,,812.0,13.298960950128986,812.0,13.298960950128986,1.0,0.23030976822226124,2880.0,30.0,42.60914720017649
True,2.27256035784427,True,True,2.34748097045925,4.820264691955389,909.0,14.671033903009327,884.0,14.670319975009098,28.0,14.716291202236146,3193.0,29.0,47.865789012803326
True,2.481164887671235,True,False,2.759173594691046,,413.0,27.94173370545074,413.0,27.94173370545074,2.0,2.481164887671235,2783.0,25.0,64.47679509400548
True,2.8611574876673944,True,True,2.8851599310864087,5.575065135140843,957.0,13.05790574766108,941.0,12.786569368975105,40.0,22.563257222326627,3197.0,30.0,44.17935902964036
True,6.155485890379933,True,True,6.722788976238999,10.814881744916686,910.0,19.183482353847253,876.0,19.182913937274826,38.0,19.3621318766548,3153.0,30.0,48.07276861334211
True,1.823333917773684,True,True,2.2421239186942534,8.097564245243879,768.0,15.992478285541146,757.0,15.992478285541146,41.0,22.963330563744467,3160.0,29.0,44.51663664266855
True,4.586362044371456,True,False,4.586362044371456,,534.0,26.866364197409247,534.0,26.866364197409247,1.0,3.6853202435762684,2703.0,28.0,63.05985342079961
False,,False,False,,,2.0,2.3948501249847265,1.0,2.3948501249847265,1.0,2.283585328020192,3.0,0.0,4.300463494708906
True,1.1039037463347676,True,False,1.1039037463347676,,749.0,13.98024356070219,749.0,13.98024356070219,2.0,0.3160998134591861,2743.0,28.0,43.03801636492067
True,0.8085424853488734,True,True,1.0793150658879356,3.7000552803354436,927.0,10.22817964473437,905.0,10.22817964473437,33.0,11.45188247281633,3154.0,30.0,45.78429074842473
True,2.1512826112431642,True,True,2.356242129820578,4.203950359537125,897.0,13.398675166337997,859.0,13.398675166337997,46.0,14.789569558050285,3152.0,30.0,43.70861406717886
True,3.4957916905204085,True,True,3.592429485373973,11.361213075219027,841.0,16.763436242376063,819.0,16.737481208251133,26.0,23.541388932357275,3109.0,29.0,44.39205168128134
True,2.3494372689221437,True,True,2.3494372689221437,4.72286422885096,903.0,14.7617296475175,894.0,13.968560720459179,31.0,24.944357449149386,3150.0,29.0,42.70434498452103
True,2.124946195965975,True,True,2.2622086845090053,4.047861681386923,973.0,12.312746271689866,942.0,12.312746271689866,41.0,14.723667706734846,3151.0,29.0,48.63601802028457
True,1.0926705396594414,True,True,1.172547814641483,2.7876709292530024,944.0,10.288859035127544,922.0,9.952054318657737,50.0,15.549625321835318,3198.0,30.0,37.21835133155189
True,0.8945012361678495,True,True,1.1907291493680192,1.600211839340763,868.0,11.397573828488154,845.0,11.397573828488154,28.0,9.226713216265948,3127.0,30.0,38.95182424284563
True,1.6332480905252453,True,True,1.7602687144912612,4.44227701695187,787.0,12.666515248686053,768.0,12.791641832220666,37.0,15.844919571963814,3174.0,30.0,40.6645807683988
True,1.411948052527682,True,True,1.4365891443864265,4.940997595661937,913.0,12.781224356483284,898.0,12.767021374658007,25.0,24.07216361321501,3142.0,30.0,42.188476275813485
True,1.8187538034667305,True,True,1.8708555590958016,4.208752186253154,907.0,12.748307443557152,886.0,12.830017074681841,31.0,15.809688553526946,3156.0,29.0,38.8202867458316
True,1.8871710845108751,True,True,2.442424078667905,4.783532783378212,937.0,12.71652176525511,916.0,12.709233570615572,35.0,16.77246349797848,3175.0,30.0,39.19048973822438
True,0.8574538426963566,True,True,0.9683707182787956,4.9618724090364035,1038.0,11.811069691111506,1014.0,11.862278385374843,39.0,16.445080149604728,3186.0,29.0,41.84282163640747
True,2.215063898014117,True,True,2.3590113750748554,3.1811931433717135,889.0,11.208831437325324,863.0,11.133974855113257,37.0,16.010897312219747,3166.0,30.0,35.8237616553141
True,1.020062058656343,True,True,1.2372131361144145,2.6160160170359124,835.0,11.923332969605926,817.0,11.923332969605926,34.0,15.942698550833217,3121.0,29.0,43.55501589306528
True,5.8871002796304355,True,True,5.896074376224972,7.961954707441897,835.0,17.414589889746416,820.0,17.414589889746416,43.0,22.570207304824955,3219.0,29.0,51.620000682845294
True,0.6524571230018873,True,True,0.8154251714616877,1.5192140754366803,783.0,13.582350491848509,755.0,13.582350491848509,43.0,17.498453398971066,3206.0,29.0,46.35805216496944
True,0.49222755647420446,True,True,0.6453802304307391,5.43188617022899,834.0,14.598363374724551,819.0,14.598363374724551,23.0,17.63147343098388,3146.0,30.0,51.247568823605235
True,1.517740298642649,True,False,1.517740298642649,,468.0,34.16598410661735,468.0,34.16598410661735,1.0,0.23681380151764048,2694.0,27.0,68.33729237535782
True,0.7105510086176541,True,False,0.753906135053706,,504.0,30.321539439082667,504.0,30.321539439082667,1.0,0.10761334664620871,2751.0,25.0,77.37077218590225
True,0.8607174473426984,True,False,1.0264235361836156,,651.0,10.691116562301715,651.0,10.691116562301715,2.0,2.2709664444670987,2819.0,28.0,45.556383937230805
True,1.5703603290981054,True,True,1.6104805088178331,3.1004032581691634,789.0,12.249392404589814,762.0,12.564770220868851,42.0,17.8805960375213,3214.0,28.0,45.78581878260067
True,13.006705261181196,True,False,13.006705261181196,,5.0,13.006705261181196,5.0,13.006705261181196,1.0,0.06821296312932912,30.0,0.0,25.739877402594516
True,1.24085376714937,True,False,1.3946204337811758,,779.0,18.738526794995746,779.0,18.738526794995746,1.0,0.5426495536888939,2689.0,27.0,52.91340977129031
True,0.7768987175760217,True,True,0.7860724517548929,4.429289688651784,1096.0,11.328840493455065,1057.0,11.328840493455065,47.0,12.970021426451353,3198.0,29.0,36.30854703938931
True,1.7580185139412536,True,True,1.8105368328115592,4.034723045728067,898.0,11.436996836870176,880.0,11.435338418240239,32.0,17.926358306908263,3127.0,30.0,45.95464387318763
True,1.3178957068497752,True,False,1.3286064512937805,,442.0,49.10662333655282,442.0,49.10662333655282,1.0,0.6593925038693462,2757.0,29.0,78.26797302492706
True,1.2097003499435917,True,True,1.2779268408461941,3.055222315548202,890.0,11.809259363964895,863.0,11.809081950775198,36.0,14.660300508995915,3148.0,30.0,52.5207286247534
True,1.395642814161342,True,False,1.705255380856067,,710.0,23.135344018195063,710.0,23.135344018195063,1.0,0.4600884190435336,2843.0,29.0,54.69992735698315
True,1.6067753405317715,True,False,1.832316091625843,,765.0,15.50125206587679,765.0,15.50125206587679,4.0,4.29454151678064,2820.0,28.0,54.124393964874635
True,1.3242850334635758,True,True,1.3321963034958642,6.793721251651233,793.0,15.36664610479708,777.0,15.36664610479708,26.0,18.231533055375916,3127.0,30.0,47.33208722722208
True,0.8240152507388684,True,True,0.8350675028740783,2.7408750375927147,975.0,11.754626746679646,953.0,11.754626746679646,33.0,15.544016589664018,3203.0,30.0,54.178704352580574
True,0.8156182788918385,True,True,1.4303474820446072,3.1408981059718557,886.0,9.817666998108603,864.0,9.817666998108603,35.0,16.504105341317604,3182.0,30.0,47.01025565444696
True,4.400466687572447,True,False,4.76723026342862,,652.0,39.16551454176014,652.0,39.16551454176014,1.0,3.705769576878203,2737.0,27.0,68.57053175810775
True,1.1433080244913825,True,True,1.2339653462175404,2.8391831742524607,790.0,12.401607634562067,766.0,12.401607634562067,29.0,14.242908478884209,3137.0,30.0,43.151878170376904
True,2.4602795103039017,True,True,2.4792627346082865,9.592832794191061,831.0,15.076718541001929,825.0,15.434066919193821,32.0,24.19759237357044,3162.0,30.0,50.96402603905029
True,1.962286936580711,True,False,2.1052650467391723,,695.0,14.857012895605877,695.0,14.857012895605877,2.0,1.9506151301776693,2664.0,27.0,44.4552959362919
True,2.260525143342228,True,True,2.5958586474290866,5.883461072087851,1005.0,13.215794299429843,986.0,13.372278165504897,31.0,17.92617946821229,3168.0,30.0,44.70286243044912
True,2.277433282947015,True,True,2.351775135358632,6.582970340066403,825.0,14.90066516855072,804.0,14.90066516855072,30.0,17.986208895047486,3109.0,30.0,39.822084146160265
True,2.173414894897509,True,False,2.362826949489179,,797.0,15.593020367425874,797.0,15.593020367425874,2.0,2.8202927783018654,2816.0,30.0,46.35625250449214
True,1.0810060333148332,True,False,1.1552682908757017,,701.0,14.008100409159324,701.0,14.008100409159324,1.0,0.00957125044247742,2838.0,30.0,45.21216642454212
True,1.5646394655234501,True,True,1.7052171922292776,6.577424233407949,771.0,12.94598426671085,766.0,12.94598426671085,18.0,24.050457750656097,3066.0,30.0,48.37643802777709
True,1.737600664496837,True,True,1.9283705039376966,8.346040446059357,828.0,18.628572936571455,805.0,17.7084952931608,36.0,22.99740804617094,3179.0,30.0,46.857986359667464
True,0.49043785217720737,True,True,0.6417189646279614,3.636214844940437,1022.0,11.36862203518383,981.0,11.36862203518383,51.0,12.581993139881249,3201.0,30.0,36.94745833104443
True,3.1376115430864107,True,False,3.1376115430864107,,739.0,12.440776722612094,739.0,12.440776722612094,1.0,2.1332210215595504,2820.0,29.0,43.896522285048555
True,0.6749387935414725,True,True,0.6859800320617762,5.2110955424436805,903.0,13.473838404160292,876.0,11.782425753249425,52.0,16.540582103495975,3202.0,29.0,41.75201075067091
True,3.643300694950054,True,False,3.912381796841689,,730.0,14.747864167965648,730.0,14.747864167965648,2.0,3.643300694950054,2734.0,30.0,41.702161432057714
True,1.4815089026393686,True,True,1.482204275735009,8.893520536263756,744.0,13.892063068640354,738.0,13.892063068640354,39.0,29.38321623401161,3112.0,28.0,54.723367292410614
True,1.0436240851321543,True,True,1.0489694428534408,5.107746916424299,994.0,12.593128475348824,955.0,12.593128475348824,46.0,11.160645494212515,3127.0,29.0,41.35363404314761
True,1.563689732058548,True,True,1.8986546815134784,3.778511878237495,758.0,12.86310105531133,748.0,12.86310105531133,38.0,23.245905263781015,3177.0,30.0,48.708168969695
True,4.03777252501612,True,False,4.349387197669653,,679.0,18.08481257134417,679.0,18.08481257134417,2.0,4.335754557544514,2759.0,28.0,50.08226068551525
True,1.9011301132253633,True,True,2.143068162236293,5.868688569859105,838.0,14.727936853161898,807.0,14.727936853161898,31.0,14.723700741589818,3189.0,30.0,46.38661243588427
True,1.0238307659724437,True,True,1.056379165882087,11.852183903562395,735.0,17.16917656519851,719.0,17.16917656519851,41.0,22.372248635592957,3171.0,30.0,41.08749475282219
False,,False,False,,,1.0,0.1015771688494398,0.0,0.0,1.0,0.1015771688494398,1.0,0.0,0.17825060503164336
True,1.8834478286685354,True,False,1.8861092716043335,,739.0,17.99474681585143,739.0,17.99474681585143,1.0,1.2720854583112493,2784.0,28.0,52.09713147605528
True,1.749863734044577,True,False,1.7625210895952568,,655.0,15.099533037344585,655.0,15.099533037344585,2.0,1.3390350428554136,2897.0,29.0,47.82755585689772
True,1.2934471027353027,True,True,1.3236488042480272,5.28061852346886,707.0,11.988724348016548,691.0,11.988724348016548,26.0,14.893116489562534,3125.0,30.0,56.89807887025995
True,0.9592639020099745,True,True,1.1098621988266457,4.464452969318992,977.0,11.734999349446488,967.0,11.734999349446488,21.0,23.735345701781327,3164.0,30.0,56.72589936688528
True,2.3686821142797507,True,True,2.5601965748538342,17.870439557131665,761.0,15.595451738224885,760.0,15.595451738224885,38.0,31.693349858855647,3163.0,30.0,54.67658828513193
True,0.6482320279779434,True,True,1.3999164991167463,6.965296165883819,739.0,16.088902165839606,717.0,16.088902165839606,33.0,21.458655193851904,3129.0,29.0,51.63692994510882
True,1.4642647091290597,True,True,1.7481958152318111,4.374858439314807,983.0,11.918824282629629,944.0,11.917461533048792,50.0,14.62216636214848,3191.0,30.0,37.84711844701521
True,2.5222364127136627,True,True,3.1709481048073918,4.526658420554875,821.0,15.654893578162412,794.0,16.166774366833522,40.0,19.9542152047905,3183.0,30.0,69.80143231837343
True,0.9304747530798106,True,True,1.2107814078891284,2.1581734799191,1062.0,10.322178692210425,1028.0,10.387658431532389,39.0,10.106183219551484,3182.0,29.0,31.428414486564694
True,0.751711492937906,True,True,1.02662358945502,1.2194077867411837,775.0,12.07719038187239,767.0,12.07719038187239,21.0,31.498115397486277,3138.0,30.0,56.786595802930776
True,2.1251776335049337,True,True,2.145907705073112,9.851908486648242,796.0,16.093579162735907,785.0,16.093579162735907,41.0,22.48797512837526,3160.0,30.0,48.71729509623352
True,0.7794718222380012,True,True,0.995304854375277,3.7905141617453073,844.0,12.42506422869324,811.0,11.609770396104592,54.0,14.521641214315359,3197.0,30.0,50.44549024884197
True,0.8786327521799122,True,True,0.9463601593844779,4.145157946524281,818.0,12.05198521642869,798.0,12.05198521642869,30.0,13.611936038603671,3126.0,30.0,47.07231693096233
True,0.6100204535492351,True,True,1.0332823631740706,2.530817707087413,938.0,12.055806321224033,910.0,12.055806321224033,31.0,12.243339370087556,3114.0,29.0,39.358299521005975
True,2.9322806061954823,True,False,2.9781598789047616,,666.0,23.702185097282698,666.0,23.702185097282698,1.0,1.7213279374746258,2812.0,28.0,52.71916527785242
False,,False,False,,,1.0,1.1927941421055845,1.0,1.644418297856007,1.0,1.1927941421055845,2.0,0.0,8.053092642097656
True,1.1055681145558816,True,True,1.224643314952971,5.663971990521765,853.0,12.315679068724933,845.0,12.315679068724933,31.0,25.435559416408022,3178.0,30.0,55.00577308230516
True,1.3137470020707025,True,True,1.7820809806785693,3.6448728121516276,811.0,12.722885490283362,788.0,12.736778030162453,43.0,17.026482142260353,3161.0,30.0,45.64791124354543
True,1.2216735831865695,True,True,1.3660096201468042,2.500401257566293,1083.0,9.340709613099856,1043.0,9.340709613099856,45.0,8.922409889370652,3125.0,29.0,40.130607464604275
True,1.3267933479910914,True,False,1.348970485188928,,655.0,15.620473051684408,655.0,15.620473051684408,1.0,0.1476115979125374,2737.0,26.0,44.444968907822116
True,3.745978043482657,True,False,3.745978043482657,,741.0,19.592572214492424,741.0,19.592572214492424,1.0,0.8006089189723754,2743.0,28.0,48.633388959475205
True,2.4328536356060506,True,True,2.6891294176323757,4.827010025073643,833.0,16.956284310509243,812.0,16.956284310509243,37.0,21.364259904686413,3190.0,30.0,44.71632772663431
True,0.8457069308670564,True,True,0.8643528392513528,4.251133481493579,1010.0,12.133453637231673,978.0,12.133453637231673,40.0,14.1569009985225,3179.0,29.0,36.25023658328934
True,2.4846799778800195,True,True,2.6421404543225115,3.351287790022079,492.0,19.33554174810842,492.0,19.33554174810842,6.0,3.7813240710152383,2739.0,27.0,56.932578338751846
True,1.4987293520858502,True,True,1.5889196414382147,9.611162247130284,733.0,17.76916939091232,711.0,17.76916939091232,31.0,22.384002508784132,3150.0,28.0,50.63928383604921
True,1.9252061947206442,True,True,2.0085249525389943,4.224436202204219,1044.0,11.881460814150662,1005.0,11.881460814150662,45.0,12.668062942780153,3167.0,30.0,39.923709230257124
True,2.3147361111943416,True,True,2.4033737302141778,5.450886375510698,1028.0,11.503227703906315,986.0,11.503227703906315,48.0,12.064354018425536,3176.0,30.0,35.80213229825617
True,1.4311254015400303,True,True,1.6309972845836156,3.4119898386106713,777.0,14.592902867699161,773.0,14.592902867699161,31.0,21.951861558683298,3194.0,30.0,52.88824928352242
True,1.2761500161293846,True,True,1.4052203068415932,4.120481200591953,760.0,12.311453560659373,729.0,12.311453560659373,35.0,13.42020156312178,3124.0,30.0,45.7027589945556
True,0.7464163220959066,True,True,0.7662273951088682,2.0064226194925436,895.0,10.75270416532159,876.0,10.75270416532159,39.0,15.50679781718972,3158.0,30.0,40.88174332285131
True,1.3011091740673564,True,True,1.9481028572369383,4.46584327529485,855.0,10.312544411879195,835.0,10.312544411879195,33.0,18.299938127718505,3161.0,30.0,45.87646645148207
True,1.725544968770052,True,True,2.0007222596910306,5.927578518450912,708.0,15.002095600149351,691.0,15.002095600149351,32.0,21.314469493502575,3139.0,29.0,44.70818163014645
True,1.0753694589848108,True,True,1.1386000814289736,1.5690398466777542,1044.0,10.123692325225047,1000.0,10.123692325225047,50.0,9.47341057389153,3147.0,30.0,36.40131283723738
True,2.31837655317798,True,True,2.504724402323534,9.258747054352911,877.0,15.626306726188584,848.0,15.626306726188584,40.0,18.93185134516545,3129.0,29.0,44.74775222288599
True,1.1708702717437616,True,True,1.1924176049951292,3.858004152408712,918.0,11.144104292780517,876.0,11.144104292780517,44.0,11.095678894313806,3169.0,30.0,37.333755293565204
True,0.9936162844752463,True,False,1.031519912415341,,793.0,18.458534913374326,793.0,18.458534913374326,1.0,0.27388731689138784,2782.0,29.0,47.470212686812594
True,3.8411762929353563,True,True,3.8833100455875553,7.662683435939352,968.0,15.904122908621476,937.0,15.904122908621476,35.0,20.9605513235591,3164.0,30.0,46.93009714046508
True,1.1499357382849091,True,True,1.2260999752632082,1.828385273423864,916.0,10.475527159860397,911.0,10.475527159860397,24.0,13.336260839761623,3126.0,30.0,53.34098406988341
True,2.1337572915843257,True,True,2.291810920816559,4.94910467096095,861.0,14.513851801053102,825.0,14.513851801053102,40.0,14.215170866866542,3165.0,28.0,45.242373582829536
True,1.631220688175007,True,True,1.7839911389856258,4.901671626550555,939.0,14.130328676226343,904.0,14.126313079253093,35.0,14.074353309751416,3202.0,30.0,42.1335939881233
True,1.4097854424710072,True,True,1.6859175174134833,4.276591862566099,1023.0,10.030957172307097,1009.0,9.62614487246689,45.0,15.528265074109513,3200.0,30.0,39.14451099946097
True,2.1664749024353327,True,True,2.2140245612520224,5.181356831613927,892.0,14.573832618310288,864.0,14.573832618310288,37.0,17.010254981748535,3172.0,29.0,39.5631523286672
False,,False,False,,,1.0,4.467325582236378,0.0,0.0,1.0,4.467325582236378,1.0,0.0,4.480036542781235
True,1.3233255978621405,True,True,1.3362013573811309,9.557627147583126,780.0,17.90561992827405,759.0,17.927242447021776,28.0,22.0429845491347,3089.0,30.0,48.00655965012623
True,2.397984666186058,True,True,2.8966974449881353,4.401316663258689,921.0,12.762070213534143,901.0,12.762070213534143,27.0,14.762512774901131,3151.0,29.0,48.03133458919568
True,0.7829245373921535,True,True,1.0031529924379845,1.6173938989913192,896.0,10.27138328365248,874.0,10.27138328365248,35.0,12.244875055515728,3163.0,30.0,43.121650514450806
True,2.5544989190409506,True,True,2.566343693186428,4.735383432397618,872.0,12.1047593524172,834.0,12.378718455705245,46.0,11.960562208941687,3188.0,30.0,40.398831518670725
True,1.8683934317694766,True,True,1.9217203664984364,4.665355442469792,785.0,13.612768488041024,774.0,13.612768488041024,29.0,29.193085645487972,3166.0,29.0,55.32868483444067
False,,False,False,,,1.0,0.8347319729123116,0.0,0.0,1.0,0.8347319729123116,1.0,0.0,0.9573966258149894
True,1.289840832182947,True,True,1.3166644169026345,3.7004264795712336,969.0,10.75942496753447,952.0,10.75942496753447,41.0,16.111931176815705,3181.0,30.0,36.741404793028266
True,1.156489798677818,True,False,1.156489798677818,,815.0,22.5994588711444,815.0,22.5994588711444,1.0,0.16774021310062623,2762.0,29.0,50.83774994907677
True,4.984947379834874,True,False,4.984947379834874,,547.0,39.28148505612254,547.0,39.28148505612254,1.0,0.004760477523394283,2642.0,26.0,74.26234277782545
True,2.3868379970869413,True,True,2.6373915692916907,8.85512705901377,888.0,14.671641011339007,866.0,14.671641011339007,29.0,15.899130646322057,3158.0,30.0,47.41045811794924
True,3.8713254100408108,True,True,3.8713254100408108,10.067687439155133,986.0,16.89289032038223,957.0,16.082081769524248,35.0,17.171339348937753,3139.0,29.0,46.74772697052742
True,1.6106029884126563,True,True,1.7252221158640892,4.910740364090794,814.0,13.483655671934965,782.0,13.483655671934965,41.0,15.295987129970888,3173.0,30.0,48.85072605056917
True,1.7351924913073906,True,True,1.7480860907462294,4.595110699461233,962.0,12.670825714638331,940.0,12.670825714638331,35.0,14.543009186997253,3169.0,30.0,41.61181216798867
True,1.1024885129449968,True,True,1.1400853227185839,6.981838154882182,820.0,13.630081269451926,811.0,13.316648482104007,50.0,20.23082429935772,3190.0,30.0,44.989638700666376
True,1.1102691953865182,True,True,1.1697952521167272,3.3482912722322964,695.0,16.126312720383222,676.0,16.126312720383222,28.0,22.818504073578303,3135.0,29.0,45.833373906526354
True,2.586567970260193,True,True,2.599506416349086,5.927079586869477,910.0,13.634863680184896,878.0,13.634863680184896,34.0,13.766690521036615,3107.0,28.0,42.24617232095943
True,3.888187661467375,True,False,4.18207254285059,,667.0,18.848898019156472,667.0,18.848898019156472,1.0,3.1954195010983995,2809.0,30.0,50.43966762238755
True,3.4727270573334117,True,True,4.515590958026862,6.25281273231389,947.0,13.909240073998632,911.0,13.909240073998632,54.0,15.613760224702608,3196.0,29.0,41.67599391135658
True,1.4362207192855743,True,True,1.4849215770674025,6.4337678041947175,765.0,15.49514802617876,738.0,15.49514802617876,39.0,16.71537344834478,3159.0,30.0,43.960830291751996
True,1.4913171417490865,True,True,1.9235529193464183,7.0323635449405915,780.0,13.026232222939631,779.0,13.026232222939631,5.0,7.0323635449405915,2831.0,26.0,50.515211096815534
True,0.7988428447245279,True,True,0.8762948909987791,9.567532239795476,808.0,14.678494778421932,790.0,14.678494778421932,47.0,19.306560647994125,3184.0,30.0,40.98535446113791
True,2.319386350830496,True,True,2.319386350830496,10.073642221298524,816.0,16.554320264956015,797.0,16.554320264956015,46.0,18.555108659118442,3161.0,30.0,45.33872333864861
True,0.8718450229503107,True,True,0.8823481207813008,2.506411835968823,822.0,13.152712205373827,802.0,13.152712205373827,30.0,20.231207592671726,3114.0,30.0,52.3299249121348
False,,False,False,,,4.0,1.7916422518331754,4.0,1.7916422518331754,1.0,0.5524432117071985,10.0,0.0,6.332017286519059
True,1.6075668571938395,True,False,1.704217848369627,,651.0,15.662580452623352,651.0,15.662580452623352,3.0,3.088707352296565,2679.0,26.0,44.59657969948659
True,1.2177742041366542,True,True,1.3627512121746266,4.483078580780536,925.0,13.320634024705326,891.0,13.320634024705326,40.0,15.981525660575349,3154.0,28.0,40.61359762488091
False,,False,False,,,1.0,2.093392653574647,0.0,0.0,1.0,2.093392653574647,1.0,0.0,2.1141440320939693
True,3.4205740012969943,True,True,3.5094245834694613,4.301704585910474,893.0,12.607662906282872,875.0,12.607662906282872,41.0,17.950330472748323,3208.0,30.0,42.54881452634877
True,0.8964739743399648,True,True,1.175857580263063,1.714830825460624,995.0,10.556897715123732,967.0,10.556897715123732,36.0,12.021867163459618,3185.0,30.0,49.34569814689341
True,2.9963716720330247,True,False,2.9963716720330247,,532.0,14.812597564623955,532.0,14.812597564623955,1.0,0.3442731894551687,2649.0,24.0,53.735799161361506
True,1.6105593854293543,True,False,1.6105593854293543,,609.0,13.671849696027882,609.0,13.671849696027882,1.0,0.621857512692542,2689.0,25.0,40.15484507077651
True,1.2980538133715855,True,True,1.4202399886683847,2.942939360026696,969.0,11.628037368149654,941.0,11.628037368149654,32.0,13.402111597008746,3174.0,29.0,42.1947740187274
True,1.2096799187711542,True,True,1.2355683959534727,5.219746464038692,934.0,10.985077473272534,922.0,10.985077473272534,47.0,16.9643178612647,3163.0,30.0,40.15486734295201
True,0.8136294447827183,True,True,0.8566966644534775,3.407728561222355,941.0,11.022946136866278,914.0,11.22048836529287,35.0,10.40951842167855,3139.0,29.0,43.06265133362858
True,0.9866959812225267,True,True,1.2772036144311025,3.3408045263793,997.0,11.55725189142023,968.0,11.55725189142023,33.0,12.091545623442649,3132.0,30.0,37.88634427087737
True,3.1106824362614436,True,False,3.3614949790064053,,654.0,15.665068348987143,654.0,15.665068348987143,1.0,2.3720183987898236,2717.0,26.0,65.31738370525402
True,1.336145518689716,True,False,1.3447002525702993,,667.0,15.499200903503738,667.0,15.499200903503738,4.0,2.9459889787506945,2657.0,27.0,55.70046771092822
True,1.238896542618253,True,True,1.3564132390320267,3.3018374578133636,847.0,10.251326671838275,820.0,10.487917308750417,47.0,13.126808426910547,3174.0,29.0,37.10939597462235
True,3.5414649165317447,True,False,3.6058122478900865,,593.0,33.525720111735524,593.0,33.525720111735524,2.0,3.482760965569747,2865.0,29.0,61.472814874006694
True,0.950288750162062,True,False,0.9970504098637885,,911.0,11.609632751957188,911.0,11.609632751957188,2.0,0.962152662199035,2879.0,29.0,52.990905713388244
True,1.9841362024675049,True,True,2.041982317404716,3.681015159060254,926.0,13.704721239470876,920.0,13.704721239470876,28.0,26.32551271685898,3181.0,30.0,48.28546820264804
True,2.431477281756763,True,True,2.4505745441924045,8.771568590499859,892.0,15.085897034125574,885.0,15.085897034125574,31.0,26.869342415925185,3169.0,29.0,49.543811254944494
True,3.6673605034852845,True,True,3.9080886981224743,4.701945795807457,993.0,12.814693302909731,958.0,12.662423153874142,59.0,14.840821890864456,3190.0,30.0,34.55174372916621
True,2.236178230019855,True,True,2.247500654477382,5.790596730734893,865.0,14.52367997913029,830.0,14.52367997913029,39.0,14.171715670407934,3142.0,30.0,42.88506734961275
True,0.867901244433693,True,True,0.9469481955910638,2.438633118994199,1023.0,8.329986061618806,1004.0,8.329986061618806,41.0,12.495612063469364,3192.0,29.0,35.3595600136721
True,2.2437574208862756,True,False,2.2437574208862756,,453.0,38.62873542960533,453.0,38.62873542960533,1.0,0.8165593445307808,2733.0,27.0,74.21135331596365
True,1.1157855190768753,True,True,1.224126548769601,3.828575636767837,766.0,12.988469640034651,747.0,12.988469640034651,25.0,17.493590102383802,3115.0,29.0,57.79235103923966
True,1.0799520790271702,True,False,1.0799520790271702,,774.0,18.17513425133196,774.0,18.17513425133196,1.0,0.4382144386232721,2779.0,29.0,45.03946852044231
True,1.270924646541885,True,True,1.559687442413986,6.7605123567758225,995.0,14.5993749769762,961.0,14.5993749769762,46.0,16.602428926289612,3197.0,29.0,48.738434713971614
True,1.070211494527961,True,True,1.161914115615857,5.9636350810039085,888.0,14.009361254017678,877.0,13.647067690009901,38.0,20.80860659687906,3162.0,28.0,43.500255304093514
True,0.8768793865652941,True,True,1.0364508797301915,14.532052420147096,824.0,11.697419842604688,824.0,11.697419842604688,26.0,30.853463998026992,3073.0,30.0,51.294606127864036
True,2.1647016116992277,True,True,2.594230094047783,9.511654411521327,759.0,16.554075721243134,744.0,16.250058653393282,24.0,18.272238940917926,3091.0,28.0,47.85304665578173
False,,False,False,,,1.0,1.270363767500205,0.0,0.0,1.0,1.270363767500205,1.0,0.0,1.308463950054095
True,1.566049670148395,True,True,1.7884597319808564,7.037847083131769,989.0,16.026731934976656,946.0,16.026731934976656,57.0,16.64797066564455,3186.0,29.0,42.34322197628166
True,4.5119595400075045,True,False,4.5119595400075045,,623.0,20.493053229272913,623.0,20.493053229272913,1.0,2.28154046722969,2807.0,30.0,48.4917189272022
True,1.253612024644859,True,True,1.4647273844211395,2.704277478032327,1125.0,11.119092956408547,1083.0,11.119092956408547,54.0,12.111846630264939,3197.0,30.0,41.2096484866633
True,0.8008920303105246,True,True,1.0443907174971991,2.391701879358317,783.0,9.817938638275834,758.0,9.817938638275834,29.0,13.185994375937458,3131.0,29.0,38.87013773741175
True,1.1268179955555278,True,False,1.4175797364192204,,920.0,11.748978186297553,920.0,11.748978186297553,1.0,0.5007946228181211,2831.0,30.0,37.63115660138037
True,1.746039892422899,True,False,1.746039892422899,,735.0,13.74719320981781,735.0,13.74719320981781,1.0,0.4374660558239008,2693.0,27.0,50.289987766417724
True,1.0051383300283578,True,True,1.2258788700862433,1.2424046012911278,819.0,9.664833606884635,811.0,9.664833606884635,17.0,13.552064185127822,2994.0,28.0,40.894126399792185
True,3.380526634746388,True,True,3.412414429815639,17.625542739698638,588.0,20.706231079725956,579.0,20.706231079725956,44.0,30.772893120121278,3147.0,30.0,50.764485407560684
True,1.7214866892157106,True,True,1.7606646822793335,5.277973032666758,836.0,14.752439424203445,820.0,14.752439424203445,37.0,23.41335492627077,3177.0,30.0,42.092725184661
